"district","first","last","id","affiliation","user_id","screen_name","chamber"
"FL-09","Alan","Grayson","1209","2","41017380","AlanGrayson","0"
"FL-04","Ander","Crenshaw","1204","1","20209807","AnderCrenshaw","0"
"AZ-01","Ann","Kirkpatrick","401","2","272004287","Ann_Kirkpatrick","0"
"CA-11","George","Miller","611","2","7356562","askgeorge","0"
"MO-07","Billy","Long","2907","1","21572351","auctnr1","0"
"GA-08","Austin","Scott","1308","1","234797704","AustinScottGA08","0"
"AL-06","Spencer","Bachus","106","1","78431501","BachusAL06","0"
"KY-06","Andy","Barr","2106","1","115186195","barrforcongress","0"
"MS-02","Bennie","Thompson","2802","2","82453460","BennieGThompson","0"
"TX-16","Beto","O'Rourke","4816","2","342863309","BetoORourke","0"
"MN-04","Betty","McCollum","2704","2","516880804","BettyMcCollum04","0"
"LA-06","Bill","Cassidy","2206","1","55677432","BillCassidy","0"
"NY-21","Bill","Owens","3621","2","227088228","BillOwensNY","0"
"NJ-09","Bill","Pascrell","3409","2","74508260","BillPascrell","0"
"OH-05","Bob","Latta","3905","1","15394954","boblatta","0"
"CA-30","Brad","Sherman","630","2","30216513","BradSherman","0"
"OH-02","Brad","Wenstrup","3902","1","313719282","bradwenstrup","0"
"IA-01","Bruce","Braley","1901","2","29293808","BruceBraley","0"
"CA-25","Buck","McKeon","625","1","16348437","BuckMcKeon","0"
"MD-02","Dutch","Ruppersberger","2402","2","305620929","Call_Me_Dutch","0"
"MI-10","Candice","Miller","2610","1","15281676","CandiceMiller","0"
"NY-04","Carolyn","McCarthy","3604","2","270067927","carolynmccarthy","0"
"PA-17","Matt","Cartwright","4217","2","472315803","CartwrightPA","0"
"TX-20","Joaquin","Castro","4820","2","323440720","Castro4Congress","0"
"WA-05","Cathy","McMorris Rodgers","5305","1","17976923","cathymcmorris","0"
"NY-13","Charlie","Rangel","3613","2","21312077","cbrangel","0"
"PA-02","Chaka","Fattah","4202","2","48086014","chakafattah","0"
"ME-01","Chellie","Pingree","2301","2","14984637","chelliepingree","0"
"UT-02","Chris","Stewart","4902","1","395419988","ChrisStewart4UT","0"
"MD-08","Chris","Van Hollen","2408","2","18137749","ChrisVanHollen","0"
"SC-06","James","Clyburn","4506","2","188019606","Clyburn","0"
"NY-27","Chris","Collins","3627","1","557794383","collinsNY27","0"
"TX-11","Mike","Conaway","4811","1","295685416","ConawayTX11","0"
"FL-08","Bill","Posey","1208","1","25086658","congbillposey","0"
"TX-07","John","Culberson","4807","1","24183358","CongCulberson","0"
"KS-01","Tim","Huelskamp","2001","1","233761277","CongHuelskamp","0"
"ID-02","Mike","Simpson","1602","1","76132891","CongMikeSimpson","0"
"MS-04","Steven","Palazzo","2804","1","299883942","CongPalazzo","0"
"MI-01","Dan","Benishek","2601","1","242761889","CongressmanDan","0"
"PA-05","Glenn","Thompson","4205","1","18967498","CongressmanGT","0"
"CA-36","Raul","Ruiz","636","2","1089859058","CongressmanRuiz","0"
"WY-AL","Cynthia","Lummis","5600","1","22831059","CynthiaLummis","0"
"MT-AL","Steve","Daines","3000","1","214767677","Dainesfor0","0"
"CA-48","Dana","Rohrabacher","648","1","19139963","DanaRohrabacher","0"
"MI-05","Dan","Kildee","2605","2","18674498","dankildee","0"
"NY-24","Dan","Maffei","3624","2","319628378","DanMaffeiNY","0"
"CA-49","Darrell","Issa","649","1","22509548","DarrellIssa","0"
"OH-14","Dave","Joyce","3914","1","727242919","DaveJoyceOH14","0"
"WA-08","Dave","Reichert","5308","1","16102244","davereichert","0"
"RI-01","David","Cicilline","4401","2","23593446","davidcicilline","0"
"WA-10","Denny","Heck","5310","2","64248024","DennyHeck","0"
"PA-15","Charlie","Dent","4215","1","242376736","DentPressShop","0"
"TN-04","Scott","DesJarlais","4704","1","235312723","DesJarlaisTN04","0"
"CA-22","Devin","Nunes","622","1","54412900","DevinNunes","0"
"CA-21","David","Valadao","621","1","36676406","dgvaladao","0"
"NV-01","Dina","Titus","3201","2","17907578","dinatitus","0"
"WA-04","Doc","Hastings","5304","1","402029058","DocHastings","0"
"NJ-10","Donald","Payne","3410","2","571909015","DonaldPayneJr","0"
"CA-06","Doris","Matsui","606","2","38254095","DorisMatsui","0"
"CA-01","Doug","LaMalfa","601","1","19808819","DougLaMalfa","0"
"TN-01","Phil","Roe","4701","1","52503751","DrPhilRoe","0"
"FL-23","Debbie","Wasserman Schultz","1223","2","115979444","DWStweets","0"
"MD-07","Elijah","Cummings","2407","2","787373558","ElijahECummings","0"
"VA-07","Eric","Cantor","5107","1","5561412","EricCantor","0"
"TX-27","Blake","Farenthold","4827","1","17896154","farenthold","0"
"TX-34","Filemon","Vela","4834","2","790194992","FilemonVela","0"
"OK-03","Frank","Lucas","4003","1","389017497","FrankDLucas","0"
"NJ-06","Frank","Pallone","3406","2","31801993","FrankPallone","0"
"VA-11","Gerry","Connolly","5111","2","78445977","GerryConnolly","0"
"NC-01","G.K.","Butterfield","3701","2","432676344","GKButterfield","0"
"CA-32","Grace","Napolitano","632","2","161411080","gracenapolitano","0"
"MS-03","Gregg","Harper","2803","1","23712174","GreggHarper","0"
"NY-05","Gregory","Meeks","3605","2","22812754","GregoryMeeks","0"
"WA-03","Jaime","Herrera Beutler","5303","1","242926427","HerreraBeutler","0"
"NC-06","Howard","Coble","3702","1","314335929","HowardCoble","0"
"IN-02","Jackie","Walorski","1802","1","14562874","jackiewalorski","0"
"GA-01","Jack","Kingston","1301","1","36654245","JackKingston","0"
"TX-18","Shelia","Jackson Lee","4818","2","80612021","JacksonLeeTX18","0"
"CT-04","Jim","Himes","904","2","31611298","jahimes","0"
"IL-09","Jan","Schakowsky","1709","2","24195214","janschakowsky","0"
"CO-02","Jared","Polis","802","2","15361570","jaredpolis","0"
"UT-03","Jason","Chaffetz","4903","1","17800215","jasoninthe0","0"
"NE-01","Jeff","Fortenberry","3101","1","18805303","JeffFortenberry","0"
"OH-04","Jim","Jordan","3904","1","18166778","Jim_Jordan","0"
"VA-08","Jim","Moran","5108","2","47412499","Jim_Moran","0"
"PA-06","Jim","Gerlach","4206","1","40954486","JimGerlach","0"
"RI-02","Jim","Langevin","4402","2","18909919","jimlangevin","0"
"FL-26","Joe","Garcia","1226","2","11527072","JoeGarcia","0"
"MI-12","John","Dingell","2612","2","109025212","john_dingell","0"
"DE-AL","John","Carney","1000","2","237770636","JohnCarneyDE","0"
"MD-06","John","Delaney","2406","2","937723303","RepJohnDelaney","0"
"MD-03","John","Sarbanes","2403","2","259364314","JohnSarbanes","0"
"OH-03","Joyce","Beatty","3903","2","582070020","JoyceBeatty","0"
"TX-31","John","Carter","4831","1","18030431","JudgeCarter","0"
"TX-02","Ted","Poe","4802","1","74198348","JudgeTedPoe","0"
"CA-26","Julia","Brownley","626","2","44251742","JuliaBrownley","0"
"MN-05","Keith","Ellison","2705","2","14135426","keithellison","0"
"CA-42","Ken","Calvert","642","1","22545491","KenCalvert","0"
"ND-AL","Kevin","Cramer","3800","1","28267055","kevincramer","0"
"CA-23","Kevin","McCarthy","623","1","15428227","kevinomccarthy","0"
"PA-12","Keith","Rothfus","4212","1","86936187","KRPA12","0"
"AZ-09","Kyrsten","Sinema","409","2","20747881","kyrstensinema","0"
"MO-01","Lacy","Clay","2901","2","584912320","LacyClayMO1","0"
"TX-21","Lamar","Smith","4821","1","15856366","LamarSmithTX21","0"
"WA-02","Rick","Larsen","5302","2","158520264","larsenrick","0"
"NE-02","Lee","Terry","3102","1","18317325","LEETERRYNE","0"
"CA-46","Loretta","Sanchez","646","2","108376246","LorettaSanchez","0"
"NY-25","Louise","Slaughter","3625","2","63169388","louiseslaughter","0"
"IL-04","Luis","Gutierrez","1704","2","36948268","LuisGutierrez","0"
"IN-06","Luke","Messer","1806","1","23013996","Luke_Messer","0"
"TX-13","Mac","Thornberry","4813","1","377534571","MacTXPress","0"
"TX-33","Marc","Veasy","4833","2","20688358","MarcVeasey","0"
"FL-25","Mario","Diaz-Balart","1225","1","37094727","MarioDB","0"
"MA-05","Ed","Markey","2505","2","21406834","MarkeyMemo","1"
"WI-02","Mark","Pocan","5502","2","309070309","MarkPocan","0"
"OK-02","Markwayne","Mullin","4002","1","366304362","MarkwayneMullin","0"
"TN-07","Marsha","Blackburn","4707","1","278145569","MarshaBlackburn","0"
"CA-43","Maxine","Waters","643","2","36686040","MaxineWaters","0"
"TX-10","Michael","McCaul","4810","1","26424123","McCaulPressShop","0"
"NC-12","Mel","Watt","3708","2","257169015","MelWattNC12","0"
"TX-26","Michael","Burgess","4826","1","15751083","michaelcburgess","0"
"MN-06","Michele","Bachmann","2706","1","18217624","MicheleBachmann","0"
"NM-01","Michelle","Lujan Grisham","3501","2","368472546","Michelle4NM","0"
"PA-03","Mike","Kelly","4203","1","935368364","MikeKellyPA","0"
"CA-12","Nancy","Pelosi","612","2","15764644","NancyPelosi","0"
"MA-03","Niki","Tsongas","2503","2","242892689","nikiinthe0","0"
"NY-17","Nita","Lowey","3617","2","221792092","NitaLowey","0"
"NY-07","Nydia","Velazquez","3607","2","164369297","NydiaVelazquez","0"
"NC-10","Patrick","McHenry","3706","1","27676828","PatrickMcHenry","0"
"FL-18","Patrick","Murphy","1218","2","261852987","PatrickMurphyFL","0"
"NY-20","Paul","Tonko","3620","2","84119348","paultonko","0"
"TX-23","Pete","Gallego","4823","2","69066533","petegallego","0"
"TX-22","Pete","Olson","4822","1","12726012","PeteOlson","0"
"IL-06","Peter","Roskam","1706","1","20015903","PeterRoskam","0"
"TX-32","Pete","Sessions","4832","1","24735461","PeteSessions","0"
"VA-04","Randy","Forbes","5104","1","15160884","Randy_Forbes","0"
"TX-19","Randy","Neugebauer","4819","1","34340464","RandyNeugebauer","0"
"ID-01","Raul","Labrador","1601","1","246341769","Raul_Labrador","0"
"WA-09","Adam","Smith","5309","2","2147483647","Rep_Adam_Smith","0"
"NJ-08","Albio","Sires","3408","2","18696134","Rep_Albio_Sires","0"
"CA-44","Janice","Hahn","644","2","339852137","Rep_JaniceHahn","0"
"FL-02","Steve","Southerland","1202","1","237781383","Rep_Southerland","0"
"AR-03","Steve","Womack","503","1","234469322","rep_stevewomack","0"
"IL-18","Aaron","Schock","1718","1","20058197","repaaronschock","0"
"CA-28","Adam","Schiff","628","2","29501253","RepAdamSchiff","0"
"NE-03","Adrian","Smith","3103","1","296245061","RepAdrianSmith","0"
"MS-01","Alan","Nunnelee","2801","1","240376522","RepAlanNunnelee","0"
"TX-09","Al","Green","4809","2","156333623","RepAlGreen","0"
"IN-07","Andre","Carson","1807","2","199325935","RepAndreCarson","0"
"NJ-01","Rob","Andrews","3401","2","272491182","RepAndrews","0"
"CA-18","Anna","Eshoo","618","2","249348006","RepAnnaEshoo","0"
"NH-02","Annie","Kuster","3302","2","1058717720","RepAnnieKuster","0"
"MO-02","Ann","Wagner","2902","1","1051446626","RepAnnWagner","0"
"CA-13","Barbara","Lee","613","2","248735463","RepBarbaraLee","0"
"CA-34","Xavier","Becerra","634","2","133832049","RepBecerra","0"
"NM-03","Ben Ray","Lujan","3503","2","19318314","repbenraylujan","0"
"CA-07","Ami","Bera","607","2","950783972","RepBera","0"
"TX-17","Bill","Flores","4817","1","237312687","RepBillFlores","0"
"IL-11","Bill","Foster","1711","2","1080509366","RepBillFoster","0"
"OH-06","Bill","Johnson","3906","1","211530910","RepBillJohnson","0"
"PA-09","Bill","Schuster","4209","1","22527499","RepBillShuster","0"
"OR-03","Earl","Blumenauer","4103","2","15954997","repblumenauer","0"
"IL-01","Bobby","Rush","1701","2","305216911","RepBobbyRush","0"
"VA-03","Bobby","Scott","5103","2","161791703","repbobbyscott","0"
"OH-07","Bob","Gibbs","3907","1","234822928","RepBobGibbs","0"
"OR-01","Suzanne","Bonamici","4101","2","558769636","RepBonamici","0"
"LA-03","Charles","Boustany","2203","1","249339682","RepBoustany","0"
"PA-01","Bob","Brady","4201","2","148453195","RepBrady","0"
"NY-26","Brian","Higgins","3626","2","33576489","RepBrianHiggins","0"
"IL-17","Cheri","Bustos","1717","2","1092979962","RepCheri","0"
"NY-19","Chris","Gibson","3619","1","234937222","RepChrisGibson","0"
"TN-03","Chuck","Fleischmann","4703","1","235190657","RepChuck","0"
"MO-05","Emanuel","Cleaver","2905","2","163570705","repcleaver","0"
"TN-09","Steve","Cohen","4709","2","162069635","RepCohen","0"
"FL-05","Corrine","Brown","1205","2","292935209","RepCorrineBrown","0"
"CO-04","Cory","Gardner","804","1","235217558","repcorygardner","0"
"TX-28","Henry","Cuellar","4828","2","210926192","RepCuellar","0"
"MI-04","Dave","Camp","2604","1","28176898","RepDaveCamp","0"
"AZ-06","David","Schweikert","406","1","229197216","RepDavid","0"
"NC-04","David","Price","3712","2","155669457","RepDavidEPrice","0"
"GA-13","David","Scott","1313","2","168673083","repdavidscott","0"
"FL-15","Dennis","Ross","1215","1","33655490","RepDennisRoss","0"
"WA-06","Derek","Kilmer","5306","2","1058917562","RepDerekKilmer","0"
"CO-01","Diana","DeGette","801","2","28599820","RepDianaDeGette","0"
"TN-06","Diane","Black","4706","1","110545675","RepDianeBlack","0"
"CO-05","Doug","Lamborn","805","1","584012853","RepDLamborn","0"
"MD-04","Donna","Edwards","2404","2","82649553","repdonnaedwards","0"
"AK-AL","Don","Young","200","1","37007274","repdonyoung","0"
"GA-09","Doug","Collins","1309","1","1060487274","RepDougCollins","0"
"TX-30","Eddie Bernice","Johnson","4830","2","168502762","RepEBJ","0"
"CA-39","Ed","Royce","639","1","246769138","RepEdRoyce","0"
"KY-01","Ed","Whitfield","2101","1","234906311","RepEdWhitfield","0"
"NY-16","Eliot","Engel","3616","2","164007407","RepEliotEngel","0"
"MN-03","Erik","Paulsen","2703","1","17513304","RepErikPaulsen","0"
"CT-05","Elizabeth","Esty","905","2","1060984272","RepEsty","0"
"TN-08","Stephen","Fincher","4708","1","249219716","RepFincherTN08","0"
"PA-08","Mike","Fitzpatrick","4208","1","237944147","RepFitzpatrick","0"
"LA-04","John","Fleming","2204","1","84620376","RepFleming","0"
"MI-06","Fred","Upton","2606","1","124224165","RepFredUpton","0"
"CA-03","John","Garamendi","603","2","88806753","RepGaramendi","0"
"NJ-05","Scott","Garrett","3405","1","960696949","RepGarrett","0"
"CA-31","Gary","Miller","631","1","155642785","RepGaryMiller","0"
"MI-14","Gary","Peters","2614","2","236511574","RepGaryPeters","0"
"TX-29","Gene","Green","4829","2","111635527","RepGeneGreen","0"
"VA-06","Bob","Goodlatte","5106","1","37920978","RepGoodlatte","0"
"AZ-04","Paul","Gosar","404","1","240760644","RepGosar","0"
"NY-06","Grace","Meng","3606","2","1051127714","RepGraceMeng","0"
"OR-02","Greg","Walden","4102","1","32010840","repgregwalden","0"
"FL-12","Gus","Bilirakis","1212","1","26051676","RepGusBilirakis","0"
"KY-02","Brett","Guthrie","2102","1","114607567","RepGuthrie","0"
"WI-04","Gwen","Moore","5504","2","22669526","RepGwenMoore","0"
"KY-05","Hal","Rogers","2105","1","550401754","RepHalRogers","0"
"HI-01","Colleen","Hanabusa","1501","2","235373000","RepHanabusa","0"
"GA-04","Hank","Johnson","1304","2","24745957","RepHankJohnson","0"
"MO-04","Vicky","Hartzler","2904","1","237763317","RepHartzler","0"
"TX-05","Jeb","Hensarling","4805","1","18566912","RepHensarling","0"
"NC-13","George","Holding","3709","1","1058460818","RepHolding","0"
"NV-04","Steven","Horsford","3204","2","389840566","RepHorsford","0"
"CA-02","Jared","Huffman","602","2","1071102246","RepHuffman","0"
"MI-02","Bill","Huizenga","2602","1","233949261","RepHuizenga","0"
"IL-14","Randy","Hultgren","1714","1","237814920","RepHultgren","0"
"OK-01","Jim","Bridenstine","4001","1","1092757885","RepJBridenstine","0"
"CA-10","Jeff","Denham","610","1","248699486","RepJeffDenham","0"
"SC-03","Jeff","Duncan","4503","1","240393970","RepJeffDuncan","0"
"NY-08","Hakeem","Jeffries","3608","2","467823431","RepJeffries","0"
"NY-10","Jerry","Nadler","3610","2","40302336","RepJerryNadler","0"
"TN-05","Jim","Cooper","4705","2","22523087","repjimcooper","0"
"CA-16","Jim","Costa","616","2","245451804","RepJimCosta","0"
"UT-04","Jim","Matheson","4904","2","46016028","RepJimMatheson","0"
"WA-07","Jim","McDermott","5307","2","132201224","RepJimMcDermott","0"
"OH-16","Jim","Renacci","3916","1","236916916","RepJimRenacci","0"
"AL-01","Jo","Bonner","101","1","190798793","RepJoBonner","0"
"TX-06","Joe","Barton","4806","1","19929362","RepJoeBarton","0"
"CT-02","Joe","Courtney","902","2","85396297","RepJoeCourtney","0"
"NY-14","Joe","Crowley","3614","2","111635980","repjoecrowley","0"
"NV-03","Joe","Heck","3203","1","222286905","RepJoeHeck","0"
"MA-04","Joe","Kennedy","2504","2","1055907624","RepJoeKennedy","0"
"PA-16","Joe","Pitts","4216","1","198526130","RepJoePitts","0"
"GA-12","John","Barrow","1312","2","22812434","repjohnbarrow","0"
"CA-45","John","Campbell","645","1","248718904","RepJohnCampbell","0"
"MI-13","John","Conyers","2613","2","138770045","repjohnconyers","0"
"MN-02","John","Kline","2702","1","76350004","repjohnkline","0"
"CT-01","John","Larson","901","2","50452197","RepJohnLarson","0"
"GA-05","John","Lewis","1305","2","29450962","repjohnlewis","0"
"KY-03","John","Yarmuth","2103","2","384913290","RepJohnYarmuth","0"
"NJ-03","Jon","Runyan","3403","1","309267226","RepJonRunyan","0"
"NY-15","Jose","Serrano","3615","2","33563161","RepJoseSerrano","0"
"CA-27","Judy","Chu","627","2","193732179","RepJudyChu","0"
"MI-03","Justin","Amash","2603","1","233842454","repjustinamash","0"
"CA-37","Karen","Bass","637","2","239949176","RepKarenBass","0"
"TX-12","Kay","Granger","4812","1","161743731","RepKayGranger","0"
"TX-24","Kenny","Marchant","4824","1","23976316","RepKenMarchant","0"
"MI-11","Kerry","Bentivolio","2611","1","966442267","RepKerryB","0"
"TX-08","Kevin","Brady","4808","1","19926675","RepKevinBrady","0"
"KS-03","Kevin","Yoder","2003","1","252819642","RepKevinYoder","0"
"IL-16","Adam","Kinzinger","1716","1","219429281","RepKinzinger","0"
"SD-AL","Kristi","Noem","4600","1","235251868","RepKristiNoem","0"
"NJ-07","Leonard","Lance","3407","1","613725908","RepLanceNJ7","0"
"OK-05","James","Lankford","4005","1","225921757","RepLankford","0"
"IN-08","Larry","Bucshon","1808","1","234812598","RepLarryBucshon","0"
"CA-38","Linda","Sanchez","638","2","312134473","RepLindaSanchez","0"
"TX-35","Lloyd","Doggett","4835","2","153944899","RepLloydDoggett","0"
"NJ-02","Frank","LoBiondo","3402","1","241207373","RepLoBiondo","0"
"CA-24","Lois","Capps","624","2","292990703","RepLoisCapps","0"
"FL-22","Lois","Frankel","1222","2","1077121945","RepLoisFrankel","0"
"PA-11","Lou","Barletta","4211","1","239871673","RepLouBarletta","0"
"TX-01","Louie","Gohmert","4801","1","22055226","replouiegohmert","0"
"CA-47","Alan","Lowenthal","647","2","1055730738","RepLowenthal","0"
"KS-02","Lynn","Jenkins","2002","1","19658173","RepLynnJenkins","0"
"NY-12","Carolyn","Maloney","3612","2","258900199","RepMaloney","0"
"OH-11","Marcia","Fudge","3911","2","153486399","RepMarciaFudge","0"
"OH-09","Marcy","Kaptur","3909","2","581141508","RepMarcyKaptur","0"
"NC-11","Mark","Meadows","3707","1","963480595","RepMarkMeadows","0"
"CA-41","Mark","Takano","641","2","1037321378","RepMarkTakano","0"
"AL-02","Martha","Roby","102","1","224294785","RepMarthaRoby","0"
"CA-04","Tom","McClintock","604","1","50152441","RepMcClintock","0"
"MA-02","Jim","McGovern","2502","2","242426145","RepMcGovern","0"
"WV-01","David","McKinley","5401","1","240427862","RepMcKinley","0"
"CA-35","Gloria","Negrete McLeod","635","2","1027156464","RepMcLeod","0"
"CA-09","Jerry","McNerney","609","2","385429543","RepMcNerney","0"
"PA-07","Pat","Meehan","4207","1","248850174","RepMeehan","0"
"VA-09","Morgan","Griffith","5109","1","234057152","RepMGriffith","0"
"NY-11","Michael","Grimm","3611","1","235239775","repmichaelgrimm","0"
"SC-05","Mick","Mulvaney","4505","1","240385577","RepMickMulvaney","0"
"CO-06","Mike","Coffman","806","1","19407835","RepMikeCoffman","0"
"CA-17","Mike","Honda","617","2","16583468","RepMikeHonda","0"
"NC-07","Mike","McIntyre","3703","2","217547360","RepMikeMcIntyre","0"
"ME-02","Mike","Michaud","2302","2","19918558","RepMikeMichaud","0"
"KS-04","Mike","Pompeo","2004","1","244268646","RepMikePompeo","0"
"IL-05","Mike","Quigley","1705","2","56864092","RepMikeQuigley","0"
"MI-08","Mike J.","Rogers","2608","1","156703580","RepMikeRogers","0"
"AL-03","Mike D.","Rogers","103","1","33977070","RepMikeRogersAL","0"
"OH-10","Mike","Turner","3910","1","51228911","RepMikeTurner","0"
"AL-05","Mo","Brooks","105","1","237299871","RepMoBrooks","0"
"GA-10","Paul","Broun","1310","1","18811140","RepPaulBrounMD","0"
"WI-01","Paul","Ryan","5501","1","18916432","RepPaulRyan","0"
"CO-07","Ed","Perlmutter","807","2","20552026","RepPerlmutter","0"
"NY-02","Pete","King","3602","1","18277655","RepPeteKing","0"
"OR-04","Peter","DeFazio","4104","2","252249233","RepPeterDeFazio","0"
"VT-AL","Peter","Welch","5000","2","1410590874","PeterWelch","0"
"GA-11","Phil","Gingrey","1311","1","32506723","RepPhilGingrey","0"
"AZ-03","Raul","Grijalva","403","2","28602948","RepRaulGrijalva","0"
"NC-02","Renee","Ellmers","3710","1","213634439","RepReneeEllmers","0"
"WI-08","Reid","Ribble","5508","1","234053893","RepRibble","0"
"NY-22","Richard","Hanna","3622","1","236899846","RepRichardHanna","0"
"MA-01","Richie","Neal","2501","2","442824717","RepRichardNeal","0"
"LA-02","Cedric","Richmond","2202","2","267854863","RepRichmond","0"
"FL-11","Rich","Nugent","1211","1","236479311","RepRichNugent","0"
"AR-01","Rick","Crawford","501","1","233693291","RepRickCrawford","0"
"VA-05","Robert","Hurt","5105","1","234837632","RepRobertHurt","0"
"AZ-02","Ron","Barber","402","2","612117635","RepRonBarber","0"
"WI-03","Ron","Kind","5503","2","112740986","RepRonKind","0"
"CA-40","Lucille","Roybal-Allard","640","2","479872233","RepRoybalAllard","0"
"CA-20","Sam","Farr","620","2","158398519","RepSamFarr","0"
"MI-09","Sandy","Levin","2609","2","25781141","repsandylevin","0"
"OR-05","Kurt","Schrader","4105","2","20545793","RepSchrader","0"
"PA-04","Scott","Perry","4204","1","18773159","RepScottPerry","0"
"VA-02","Scott","Rigell","5102","1","221793778","RepScottRigell","0"
"WI-07","Sean","Duffy","5507","1","234022257","RepSeanDuffy","0"
"WV-02","Shelley","Moore Capito","5402","1","193794406","RepShelley","0"
"IL-15","John","Shimkus","1715","1","15600527","RepShimkus","0"
"CA-14","Jackie","Speier","614","2","24913074","RepSpeier","0"
"MA-08","Stephen","Lynch","2508","2","310310133","RepStephenLynch","0"
"OH-01","Steve","Chabot","3901","1","237750442","RepSteveChabot","0"
"NY-03","Steve","Israel","3603","2","20002401","RepSteveIsrael","0"
"NM-02","Steve","Pearce","3502","1","235271965","RepStevePearce","0"
"OH-15","Steve","Stivers","3915","1","211420609","RepSteveStivers","0"
"IN-03","Marlin","Stutzman","1803","1","211901075","RepStutzman","0"
"CA-15","Eric","Swalwell","615","2","942156122","RepSwalwell","0"
"FL-21","Ted","Deutch","1221","2","137794015","RepTedDeutch","0"
"AL-07","Terri","Sewell","107","2","381152398","RepTerriSewell","0"
"KY-04","Thomas","Massie","2104","1","975200486","RepThomasMassie","0"
"CA-05","Mike","Thompson","605","2","303861808","RepThompson","0"
"MA-06","John","Tierney","2506","2","384392601","RepTierney","0"
"AR-02","Tim","Griffin","502","1","201079432","RepTimGriffin","0"
"PA-18","Tim","Murphy","4218","1","117777832","RepTimMurphy","0"
"OH-13","Tim","Ryan","3913","2","13491312","RepTimRyan","0"
"CO-03","Scott","Tipton","803","1","242873057","RepTipton","0"
"IN-09","Todd","Young","1809","1","234128524","RepToddYoung","0"
"GA-14","Tom","Graves","1314","1","190328374","RepTomGraves","0"
"PA-10","Tom","Marino","4210","1","240363117","RepTomMarino","0"
"GA-06","Tom","Price","1306","1","6577802","RepTomPrice","0"
"NY-23","Tom","Reed","3623","1","252819323","RepTomReed","0"
"SC-07","Tom","Rice","4507","1","1058345042","RepTomRice","0"
"AZ-08","Trent","Franks","408","1","24773493","RepTrentFranks","0"
"IN-01","Pete","Visclosky","1801","2","193872188","RepVisclosky","0"
"MI-07","Tim","Walberg","2607","1","237862972","RepWalberg","0"
"NC-03","Walter","Jones","3711","1","26778110","RepWalterJones","0"
"FL-10","Daniel","Webster","1210","1","281540744","RepWebster","0"
"GA-03","Lynn","Westmoreland","1303","1","137407124","RepWestmoreland","0"
"FL-24","Frederica","Wilson","1224","2","234014087","RepWilson","0"
"VA-10","Frank","Wolf","5110","1","237418907","RepWOLFPress","0"
"CA-19","Zoe","Lofgren","619","2","267938462","RepZoeLofgren","0"
"NC-08","Richard","Hudson","3704","1","16874915","RichHudson","0"
"MN-08","Rick","Nolan","2708","2","1055685948","USRepRickNolan","0"
"AL-04","Robert","Aderholt","104","1","76452765","Robert_Aderholt","0"
"NC-09","Robert","Pittenger","3705","1","497094511","RobertPittenger","0"
"VA-01","Rob","Wittman","5101","1","15356407","RobWittman","0"
"NJ-11","Rodney","Frelinghuysen","3411","1","123890984","RodneyforNJ","0"
"TX-25","Roger","Williams","4825","1","18197328","RogerWilliamsTX","0"
"FL-06","Ron","DeSantis","1206","1","487297085","RonDeSantisFL","0"
"CT-03","Rosa","DeLauro","903","2","140519774","rosadelauro","0"
"FL-27","Ileana","Ros-Lehtinen","1227","1","14275291","RosLehtinen","0"
"WI-05","Jim","Sensenbrenner","5505","1","301122145","RpSensenbrenner","0"
"NJ-12","Rush","Holt","3412","2","111379452","RushHolt","0"
"AZ-05","Matt","Salmon","405","1","281796440","salmoncongress","0"
"TX-03","Sam","Johnson","4803","1","249288197","SamsPressShop","0"
"GA-02","Sanford","Bishop","1302","2","249410485","SanfordBishop","0"
"CA-52","Scott","Peters","652","2","292594517","ScottPetersSD","0"
"OH-08","John","Boehner","3908","1","7713202","SpeakerBoehner","0"
"NY-18","Sean Patrick","Maloney","3618","2","26283468","spmaloney","0"
"IA-04","Steve","King","1904","1","48117116","SteveKingIA","0"
"TX-36","Steve","Stockman","4836","1","1059240924","SteveWorks4You","0"
"IN-05","Susan","Brooks","1805","1","344201516","SusanBrooks2012","0"
"WA-01","Suzan","DelBene","5301","2","41225640","SuzanDelBene","0"
"NH-01","Carol","Shea-Porter","3301","2","154139987","TeamSheaPorter","0"
"FL-03","Ted","Yoho","1203","1","274164368","TedYoho","0"
"SC-04","Trey","Gowdy","4504","1","237348797","TGowdySC","0"
"MN-01","Tim","Walz","2701","2","85726335","Tim_Walz","0"
"NY-01","Tim","Bishop","3601","2","153919023","TimBishopNY","0"
"IN-04","Todd","Rokita","1804","1","17544524","ToddRokita","0"
"OK-04","Tom","Cole","4004","1","23124635","tomcoleok04","0"
"AR-04","Tom","Cotton","504","1","343041182","TomCottonAR","0"
"IA-03","Tom","Latham","1903","1","10102032","TomLatham","0"
"FL-17","Tom","Rooney","1217","1","23970171","TomRooney","0"
"FL-19","Trey","Radel","1219","1","17198100","treyradel","0"
"HI-02","Tulsi","Gabbard","1502","2","26637348","TulsiGabbard","0"
"LA-05","Rodney","Alexander","2205","1","234490845","USRepAlexander","0"
"SC-02","Joe","Wilson","4502","1","254082173","USRepJoeWilson","0"
"MA-09","Bill","Keating","2509","2","232992031","USRepKeating","0"
"PA-14","Mike","Doyle","4214","2","39249305","USRepMikeDoyle","0"
"TX-15","Ruben","Hinojosa","4815","2","239905257","USRepRHinojosa","0"
"FL-16","Vern","Buchanan","1216","1","20467163","VernBuchanan","0"
"NC-05","Virginia","Foxx","3713","1","16256269","virginiafoxx","0"
"CA-33","Henry","Waxman","633","2","720468570","WaxmanHenry","0"
"TX-14","Randy","Weber","4814","1","373586796","WeberforTexas","0"
"MD-05","Steny","Hoyer","2405","2","22012091","WhipHoyer","0"
"NY-09","Yvette","Clarke","3609","2","240812994","YvetteClarke","0"
"AZ-07","Ed","Pastor","407","2","0",,"0"
"CA-08","Paul","Cook","608","1","1074412920","RepPaulCook","0"
"CA-29","Tony","Cardenas","629","2","1222257180","RepCardenas","0"
"CA-50","Duncan","Hunter","650","1","1305596696","Rep_Hunter","0"
"CA-51","Juan","Vargas","651","2","1260172386","RepJuanVargas","0"
"CA-53","Susan","Davis","653","2","432771620","RepSusanDavis","0"
"FL-01","Jeff","Miller","1201","1","1061292174","RepJeffMiller","0"
"FL-07","John","Mica","1207","1","0",,"0"
"FL-13","Bill","Young","1213","1","0",,"0"
"FL-14","Kathy","Castor","1214","2","1880674038","USRepKCastor","0"
"FL-20","Alcee","Hastings","1220","2","0",,"0"
"GA-07","Rob","Woodall","1307","1","152018565","votewoodall","0"
"IA-02","Dave","Loebsack","1902","2","510516465","daveloebsack","0"
"IL-02","Robin","Kelly","1702","2","1339931490","RepRobinKelly","0"
"IL-03","Dan","Lipinski","1703","2","1009269193","RepLipinski","0"
"IL-07","Danny","Davis","1707","2","0",,"0"
"IL-08","Tammy","Duckworth","1708","2","1058520120","RepDuckworth","0"
"IL-10","Brad","Schneider","1710","2","1071840474","RepSchneider","0"
"IL-12","Bill","Enyart","1712","2","1068470480","RepBillEnyart","0"
"IL-13","Rodney","Davis","1713","1","993153006","RodneyDavis","0"
"LA-01","Steve","Scalise","2201","1","1209417007","SteveScalise","0"
"MA-07","Mike","Capuano","2507","2","75785294","mikecapuano","0"
"MD-01","Andy","Harris","2401","1","960962340","RepAndyHarrisMD","0"
"MN-07","Collin","Peterson","2707","2","0",,"0"
"MO-03","Blaine","Luetkemeyer","2903","1","0","RepBlainePress","0"
"MO-06","Sam","Graves","2906","1","190328374",,"0"
"MO-08","Jason","Smith","2908","1","296245061","RepJasonSmith","0"
"NJ-04","Chris","Smith","3404","1","1289319271","RepChrisSmith","0"
"NV-02","Mark","Amodei","3202","1","402719755","MarkAmodeiNV2","0"
"OH-12","Pat","Tiberi","3912","1","912608010","TiberiPress","0"
"PA-13","Allyson","Schwartz","4213","2","1335517206","SchwartzAllyson","0"
"SC-01","Mark","Sanford","4501","1","28423263","MarkSanford","0"
"TN-02","John","Duncan","4702","1","1883356866","RepJohnDuncanJr","0"
"TX-04","Ralph","Hall","4804","1","1154894353","RalphHallPress","0"
"UT-01","Rob","Bishop","4901","1","148006729","RepRobBishop","0"
"WI-06","Tom","Petri","5506","1","0",,"0"
"WV-03","Nick","Rahall","5403","2","0",,"0"
"null","John","Boozman","5","1","5558312","JohnBoozman","1"
"null","Jim","Inhofe","40","1","7270292","jiminhofe","1"
"null","Al","Franken","27","2","7334402","alfranken","1"
"null","Mark","Warner","51","2","7429102","MarkWarner","1"
"null","Tom","Udall","35","2","8128442","MarkUdall","1"
"null","Chuck","Grassley","19","1","10615232","ChuckGrassley","1"
"null","John","Cornyn","48","1","13218102","JohnCornyn","1"
"null","John","Kerry","25","2","15007149","JohnKerry","1"
"null","Chris","Coons","10","2","15324851","ChrisCoons","1"
"null","Barbara","Boxer","6","2","15442036","SenatorBoxer","1"
"null","Marco","Rubio","12","1","15745368","marcorubio","1"
"null","Jeff","Flake","4","1","16056306","JeffFlake","1"
"null","Claire","McCaskill","29","2","16160352","clairecmc","1"
"null","Jon","Tester","30","2","16473577","jontester","1"
"null","Harry","Reid","32","2","16789970","SenatorReid","1"
"null","Chuck","Schumer","36","2","17494010","ChuckSchumer","1"
"null","Lisa","Murkowski","2","1","18061669","lisamurkowski","1"
"null","Orrin","Hatch","49","1","18170310","OrrinHatch","1"
"null","Tom","Coburn","40","1","18216752","TomCoburn","1"
"null","Jerry","Moran","20","1","18632666","JerryMoran","1"
"null","Rob","Portman","39","1","18915145","robportman","1"
"null","David","Vitter","22","1","19028248","DavidVitter","1"
"null","John","McCain","4","1","19394188","SenJohnMcCain","1"
"null","Susan","Collins","23","1","19726613","SenatorCollins","1"
"null","Bill","Nelson","12","2","20597460","SenBillNelson","1"
"null","Richard","Shelby","1","1","21111098","SenShelbyPress","1"
"null","Richard","Burr","37","1","21157904","SenatorBurr","1"
"null","Roy","Blunt","29","1","21269970","RoyBlunt","1"
"null","Ted","Cruz","48","1","23022687","tedcruz","1"
"null","Jeff","Merkley","41","2","29201047","SenJeffMerkley","1"
"null","Bernie","Sanders","50","2","29442313","SenSanders","1"
"null","Amy","Klobuchar","27","2","33537967","amyklobuchar","1"
"null","Sherrod","Brown","39","2","43910797","SenSherrodBrown","1"
"null","Brian","Schatz","15","2","47747074","brianschatz","1"
"null","Jeff","Sessions","1","1","47975734","SenatorSessions","1"
"null","Mark","Udall","8","2","60828944","SenatorTomUdall","1"
"null","Kirsten","Gillibrand","36","2","72198806","SenGillibrand","1"
"null","Bob","Corker","47","1","73303753","SenBobCorker","1"
"null","Kay","Hagan","37","2","74171837","SenatorHagan","1"
"null","Pat","Roberts","20","1","75364211","SenPatRoberts","1"
"null","Debbie","Stabenow","26","2","76456274","StabenowPress","1"
"null","Lamar","Alexander","47","1","76649729","SenAlexander","1"
"null","Johnny","Isakson","13","1","78403308","SenatorIsakson","1"
"null","Mark","Begich","2","2","83901492","SenatorBegich","1"
"null","Tammy","Baldwin","55","2","87510313","tammybaldwin","1"
"null","Mike","Lee","49","1","88784440","SenMikeLee","1"
"null","Mazie","Hirono","15","2","92186819","maziehirono","1"
"null","Carl","Levin","26","2","93761782","SenCarlLevin","1"
"null","Bob","Casey,","42","2","94154021","Bob_Casey","1"
"null","Ben","Cardin","24","2","109071031","SenatorCardin","1"
"null","Jeanne","Shaheen","33","2","109287731","SenatorShaheen","1"
"null","Tom","Harkin","19","2","115733549","SenatorHarkin","1"
"null","Maria","Cantwell","53","2","117501995","CantwellPress","1"
"null","Barbara","Mikulski","24","2","132278386","SenatorBarb","1"
"null","Cory","Booker","34","2","135297032","CoryBooker","1"
"null","Chris","Murphy","9","2","150078976","ChrisMurphyCT","1"
"null","Tim","Kaine","51","2","172858784","timkaine","1"
"null","Mike","Johanns","31","1","194720228","Mike_Johanns","1"
"null","John","Barrasso","56","1","202206694","SenJohnBarrasso","1"
"null","Mark","Kirk","17","1","211588974","SenatorKirk","1"
"null","Dan","Coats","18","1","212262370","SenDanCoats","1"
"null","Joe","Donnelly","18","2","216503958","SenDonnelly","1"
"null","Rand","Paul","21","1","216881337","SenRandPaul","1"
"null","Tim","Scott","45","1","217543151","SenatorTimScott","1"
"null","Pat","Toomey","42","1","221162525","SenToomey","1"
"null","Michael","Bennet","8","2","224285242","SenBennetCO","1"
"null","Kelly","Ayotte","33","1","229592356","KellyAyotte","1"
"null","Tim","Johnson","46","2","233737858","SenRonJohnson","1"
"null","Joe","Manchin","54","2","234374703","Sen_JoeManchin","1"
"null","Sheldon","White0","44","2","242555999","SenWhite0","1"
"null","Patrick","Leahy","50","2","242836537","SenatorLeahy","1"
"null","Ron","Johnson","55","1","244243985","SenJohnsonSD","1"
"null","Dick","Durbin","17","2","247334603","SenatorDurbin","1"
"null","Tom","Carper","10","2","249787913","SenatorCarper","1"
"null","Ron","Wyden","41","2","250188760","RonWyden","1"
"null","Roger","Wicker","28","1","264219447","SenatorWicker","1"
"null","Dean","Heller","32","1","266133081","SenDeanHeller","1"
"null","Jay","Rockefeller","54","2","273559002","SenRockefeller","1"
"null","Richard","Blumenthal","9","2","278124059","SenBlumenthal","1"
"null","Mike","Enzi","56","1","291756142","SenatorEnzi","1"
"null","Patty","Murray","53","2","293131808","PattyMurray","1"
"null","John","Thune","46","1","296361085","SenJohnThune","1"
"null","Mitch","McConnel","21","1","339822881","McConnellPress","1"
"null","Max","Baucus","30","2","346637907","MaxBaucus","1"
"null","Elizabeth","Warren","25","2","357606935","elizabethforma","1"
"null","John","Hoeven","38","1","382791093","SenJohnHoeven","1"
"null","Bob","Menendez","34","2","407039290","Menendez4NJ","1"
"null","Mary","Landrieu","22","2","413466731","SenLandrieu","1"
"null","Mark","Pryor","5","2","426655227","SenMarkPryor","1"
"null","Lindsey","Graham","45","1","432895323","LindseyGrahamSC","1"
"null","Dianne","Feinstein","6","2","476256944","SenFeinstein","1"
"null","Jack","Reed","44","2","486694111","SenJackReed","1"
"null","Saxby","Chambliss","13","1","538185166","SaxbyChambliss","1"
"null","Thad","Cochran","28","1","555474658","SenThadCochran","1"
"null","Mike","Crapo","16","1","600463589","MikeCrapo","1"
"null","Heidi","Heitkamp","38","2","1061029050","SenatorHeitkamp","1"
"null","Angus","King","23","2","1068481578","SenAngusKing","1"
"null","Deb","Fischer","31","1","1071402577","SenatorFischer","1"
"null","Jim","Risch","16","1","1096059529","SenatorRisch","1"
"null","Martin","Heinrich","35","2","1099199839","MartinHeinrich","1"
